Carimbo de data/hora,Idade,Sexo,Cor ou raça/etnia,Área de formação (graduação),Estado de origem,Relação com o RCGI,Você conhece a Agenda 2030 da ONU e os ODS?,Como você avalia seu grau de conhecimento sobre a Agenda 2030 e os ODS?,Essa avaliação se refere a qual projeto do RCGI? ,Erradicação da pobreza,Fome zero,Saude e bem estar,Educacao de qualidade,Igualdade de genero,Agua potavel e saneamento,Energia limpa e acessivel,Trabalho decente e crescimento economico,"Industria, inovacao e infraestrutura",Reducao da desigualdade,Cidades e comunidades sustentaveis,Consumo e producao responsaveis,Acao contra mudanca global do clima,Vida na agua,Vida terrestre,"Paz, justilca e instituicoes eficazes",Parcerias e meios de implementacao,Quais atitudes poderiam fazer seu projeto relevante em mais ODS? (opcional),Você participa de outro projeto do RCGI?,
2020/05/15 1:28:11 PM GMT-3,25 - 29,Feminino,Branca,Engenharia,Distrito Federal (DF),Pós-doutorando,Sim,3,Projeto 17,2,1,5,3,3,1,1,1,4,1,4,1,5,4,1,1,1,,sim,"Sim, participo, mas não quero opinar sobre ele."
2020/05/15 3:29:43 PM GMT-3,35 - 39,Masculino,Branca,Engenharia,Rio Grande do Sul (RS),Aluno de mestrado,Não,,Projeto 1,5,5,5,5,5,5,5,5,5,5,5,5,5,5,5,5,5,,sim,"Sim, participo, mas não quero opinar sobre ele."
2020/05/15 5:09:25 PM GMT-3,45 - 49,Feminino,Branca,Química,Rio Grande do Sul (RS),Coordenador de projeto,Sim,4,Projeto 30,3,2,4,5,2,1,3,4,5,1,3,2,5,1,1,1,4,,sim,"Sim, participo, mas não quero opinar sobre ele."
2020/05/15 7:38:18 PM GMT-3,50 - 54,Masculino,Branca,Engenharia,São Paulo (SP),Coordenador de projeto,Não,,Projeto 6,2,3,3,4,5,2,5,5,5,3,5,5,5,5,4,1,3,"Os métodos de adsorção poderiam, em princípio ser empregados para o armazenamento de dióxido de carbono em rochas porosas. Com isso contribuiriam com a pauta da captura de gases responsáveis pelo efeito estufa.",sim,"Sim, participo, mas não quero opinar sobre ele."
2020/05/15 8:05:44 PM GMT-3,30 - 34,Feminino,Preta,Química,São Paulo (SP),Aluno de doutorado,Não,,Projeto 17,1,3,5,1,1,1,5,1,5,1,5,5,5,1,5,1,5,,sim,"Sim, participo, mas não quero opinar sobre ele."
2020/05/15 11:41:15 PM GMT-3,25 - 29,Feminino,Branca,Química,Santa Catarina (SC),Aluno de doutorado,Sim,3,Projeto 30,1,1,1,1,1,1,5,3,4,1,3,2,5,3,3,1,2,Acho que já é bastante relevante. Talvez projetos de extensão educacionais.,sim,"Sim, participo, mas não quero opinar sobre ele."
2020/05/17 7:38:52 PM GMT-3,30 - 34,Feminino,Branca,Engenharia,São Paulo (SP),Pesquisador,Sim,5,Projeto 26,5,1,5,1,4,4,5,5,5,3,4,3,5,4,4,1,5,,sim,"Sim, participo, mas não quero opinar sobre ele."
2020/05/17 9:23:54 PM GMT-3,45 - 49,Feminino,Branca,Engenharia,São Paulo (SP),Colaborador,Sim,2,Projeto 19,1,1,5,2,1,1,4,3,5,1,1,4,5,3,3,1,5,,sim,"Sim, participo, mas não quero opinar sobre ele."
2020/05/18 11:49:58 AM GMT-3,50 - 54,Feminino,Branca,Química,São Paulo (SP),Pesquisador Sênior,Sim,4,Projeto 17,3,3,5,4,5,4,5,5,4,3,4,4,5,5,4,3,4,,sim,"Sim, participo, mas não quero opinar sobre ele."
2020/05/18 11:55:39 AM GMT-3,30 - 34,Masculino,Branca,Relações Internacionais,Minas Gerais (MG),Pós-doutorando,Sim,2,Projeto 25,3,1,5,5,2,1,5,4,5,3,5,4,5,1,3,4,5,,sim,"Sim, participo, mas não quero opinar sobre ele."
2020/05/18 12:04:48 PM GMT-3,35 - 39,Masculino,Branca,Engenharia,Estrangeiro,Pós-doutorando,Sim,2,Projeto 43,2,3,2,1,1,3,3,4,5,1,1,3,5,2,2,1,4,,sim,"Sim, participo, mas não quero opinar sobre ele."
2020/05/18 7:37:26 PM GMT-3,25 - 29,Feminino,Prefiro não declarar,Química,São Paulo (SP),Aluno de doutorado,Sim,3,Projeto 18,1,1,5,3,5,1,5,5,5,5,5,5,5,5,5,1,3,,sim,"Sim, participo, mas não quero opinar sobre ele."
2020/05/23 5:53:03 PM GMT-3,65+,Masculino,Branca,Arquitetura,São Paulo (SP),Professor - Pesquisador,Sim,5,Projeto 36,2,2,2,2,2,2,4,3,5,2,4,3,5,2,2,3,5,,sim,"Sim, participo, mas não quero opinar sobre ele."
2020/05/26 1:45:51 PM GMT-3,60 - 64,Masculino,Branca,Engenharia,São Paulo (SP),Coordenador de projeto,Não,,Projeto 4,2,2,4,3,3,1,4,4,5,3,5,3,5,3,2,2,3,,sim,"Sim, participo, mas não quero opinar sobre ele."
2020/05/26 2:01:34 PM GMT-3,30 - 34,Masculino,Branca,Engenharia,São Paulo (SP),Aluno de doutorado,Sim,4,Projeto 21,3,1,1,5,2,2,5,4,5,4,5,5,5,2,3,5,5,,sim,"Sim, participo, mas não quero opinar sobre ele."
2020/05/27 8:54:45 AM GMT-3,25 - 29,Feminino,Branca,Engenharia,Minas Gerais (MG),Aluno de doutorado,Sim,3,Projeto 19,3,3,5,5,3,5,5,5,5,4,5,5,5,5,5,3,5,,sim,"Sim, participo, mas não quero opinar sobre ele."
2020/05/27 10:52:01 PM GMT-3,25 - 29,Masculino,Branca,Engenharia,Estrangeiro,Pesquisador,Não,,Projeto 39,1,4,5,5,5,5,5,5,5,5,5,5,5,5,4,3,4,,sim,"Sim, participo, mas não quero opinar sobre ele."
2020/05/28 8:59:01 PM GMT-3,55 - 59,Masculino,Branca,Engenharia,São Paulo (SP),Diretor Científico,Sim,4,Projeto 41,1,1,1,3,3,3,4,3,5,3,4,4,4,4,4,2,4,Deveria  ser organizada uma palestra acerca das ODS (video conferencia) para a comunidade RCGI e USP.,sim,"Sim, participo, mas não quero opinar sobre ele."
2020/05/29 10:15:53 PM GMT-3,55 - 59,Masculino,Branca,Engenharia,São Paulo (SP),Técnico de laboratório,Sim,5,Projeto 39,3,3,4,4,3,5,5,4,5,3,5,5,5,5,5,3,4,Inclusão de pesquisadoras.,sim,"Sim, participo, mas não quero opinar sobre ele."
2020/05/30 2:48:23 PM GMT-3,35 - 39,Masculino,Branca,Engenharia,São Paulo (SP),Pós-doutorando,Não,,Projeto 6,1,1,3,1,1,3,5,4,5,1,5,5,5,3,3,1,1,,sim,"Sim, participo, mas não quero opinar sobre ele."
2020/05/31 11:57:52 AM GMT-3,45 - 49,Masculino,Latino,Geografia,Rio de Janeiro (RJ),Aluno de iniciação científica,Sim,2,Projeto 42,1,1,3,2,4,1,4,4,2,3,1,2,5,4,4,3,4,,sim,"Sim, participo, mas não quero opinar sobre ele."
2020/06/01 4:45:37 PM GMT-3,35 - 39,Masculino,Branca,Engenharia,São Paulo (SP),Coordenador de projeto,Sim,3,Projeto 38,1,1,3,2,2,1,4,2,4,1,3,4,4,2,2,1,2,,sim,"Sim, participo, mas não quero opinar sobre ele."
2020/06/01 5:32:37 PM GMT-3,55 - 59,Masculino,Branca,Engenharia,São Paulo (SP),Coordenador de projeto,Não,,Projeto 6,2,3,4,3,3,4,5,5,5,4,5,5,5,4,4,3,5,,sim,"Sim, participo, mas não quero opinar sobre ele."
2020/06/01 7:44:21 PM GMT-3,25 - 29,Masculino,Branca,Engenharia,Minas Gerais (MG),Aluno de mestrado,Sim,3,Projeto 41,2,2,3,5,3,1,4,4,5,3,5,4,4,2,2,5,5,,sim,"Sim, participo, mas não quero opinar sobre ele."
2020/06/12 12:16:11 PM GMT-3,35 - 39,Masculino,Branca,Engenharia,São Paulo (SP),Coordenador de projeto,Sim,3,Projeto 34,1,1,1,3,1,1,4,4,5,2,4,5,5,5,1,1,4,,sim,"Sim, participo, mas não quero opinar sobre ele."
2020/05/15 12:45:12 PM GMT-3,55 - 59,Masculino,Branca,Engenharia,Minas Gerais (MG),Coordenador de projeto,Não,,Projeto 1,3,2,4,2,2,4,5,3,5,3,3,4,5,4,5,2,4,,sim,"Sim, participo e quero opinar sobre ele."
2020/05/15 1:17:52 PM GMT-3,35 - 39,Masculino,Parda,Engenharia,Distrito Federal (DF),Professor - Pesquisador,Sim,4,Projeto 7,1,1,2,1,1,1,5,2,5,1,4,4,5,4,1,1,4,,sim,"Sim, participo e quero opinar sobre ele."
2020/05/15 1:41:18 PM GMT-3,50 - 54,Masculino,Branca,Engenharia,São Paulo (SP),Coordenador de programa,Sim,4,Projeto 5,3,1,4,4,1,1,5,5,5,1,5,4,3,1,3,1,4,,sim,"Sim, participo e quero opinar sobre ele."
2020/05/15 2:11:42 PM GMT-3,40 - 44,Masculino,Branca,Química,São Paulo (SP),Professor - Pesquisador,Sim,3,Projeto 30,1,1,5,5,5,1,5,5,1,5,1,3,5,1,3,1,5,,sim,"Sim, participo e quero opinar sobre ele."
2020/05/15 2:33:18 PM GMT-3,35 - 39,Feminino,Branca,História,Santa Catarina (SC),Pesquisador,Sim,4,Projeto 26,3,1,5,5,5,1,5,4,3,3,5,4,4,1,4,1,4,,sim,"Sim, participo e quero opinar sobre ele."
2020/05/15 3:00:47 PM GMT-3,35 - 39,Masculino,Branca,Engenharia,São Paulo (SP),Pós-doutorando,Sim,3,Projeto 38,1,3,5,1,1,5,5,1,5,1,5,4,5,2,1,1,3,,sim,"Sim, participo e quero opinar sobre ele."
2020/05/15 3:49:00 PM GMT-3,35 - 39,Masculino,Branca,Química,São Paulo (SP),Pesquisador,Sim,3,Projeto 12,2,1,5,1,5,3,5,5,5,5,5,5,5,1,5,1,5,,sim,"Sim, participo e quero opinar sobre ele."
2020/05/15 3:56:32 PM GMT-3,35 - 39,Masculino,Branca,Química,São Paulo (SP),Pós-doutorando,Sim,3,Projeto 17,1,1,4,1,1,1,5,5,5,1,5,5,5,5,5,1,5,,sim,"Sim, participo e quero opinar sobre ele."
2020/05/15 4:11:24 PM GMT-3,18 - 24,Feminino,Branca,Engenharia,São Paulo (SP),Aluno de iniciação científica,Sim,3,Projeto 17,1,1,5,3,1,1,4,2,1,1,1,5,5,4,4,1,1,,sim,"Sim, participo e quero opinar sobre ele."
2020/05/15 6:02:59 PM GMT-3,60 - 64,Masculino,Branca,Engenharia,São Paulo (SP),Professor - Pesquisador,Sim,3,Projeto 37,1,1,4,5,1,1,4,3,5,2,1,3,5,1,3,2,5,,sim,"Sim, participo e quero opinar sobre ele."
2020/05/18 11:36:39 AM GMT-3,45 - 49,Masculino,Branca,Química,São Paulo (SP),Pesquisador,Sim,3,Projeto 12,5,5,5,5,2,5,5,5,5,5,4,4,4,5,5,5,4,,sim,"Sim, participo e quero opinar sobre ele."
2020/05/18 11:48:57 AM GMT-3,25 - 29,Masculino,Prefiro não declarar,Engenharia,São Paulo (SP),Aluno de doutorado,Não,,Projeto 1,1,1,1,1,1,1,4,3,2,1,1,1,4,1,1,1,1,,sim,"Sim, participo e quero opinar sobre ele."
2020/05/18 11:58:00 AM GMT-3,30 - 34,Masculino,Branca,Engenharia,Santa Catarina (SC),Pós-doutorando,Sim,5,Projeto 25,1,1,5,1,1,1,5,1,3,1,5,4,3,1,1,1,1,,sim,"Sim, participo e quero opinar sobre ele."
2020/05/18 3:58:42 PM GMT-3,50 - 54,Masculino,Branca,Engenharia,São Paulo (SP),Professor - Pesquisador,Sim,3,Projeto 3,5,4,4,5,4,5,4,4,3,5,5,4,4,5,5,4,3,"9, 11, 12, 13, 15, 17",sim,"Sim, participo e quero opinar sobre ele."
2020/05/20 7:03:04 PM GMT-3,65+,Masculino,Branca,Engenharia,São Paulo (SP),Professor - Pesquisador,Sim,3,Projeto 14,2,2,4,4,1,2,4,4,4,1,4,4,5,1,4,1,3,,sim,"Sim, participo e quero opinar sobre ele."
2020/05/26 9:07:14 AM GMT-3,30 - 34,Masculino,Branca,Engenharia,São Paulo (SP),Pesquisador Sênior,Sim,4,Projeto 4,3,1,5,4,2,1,4,5,5,5,4,4,4,4,4,2,4,,sim,"Sim, participo e quero opinar sobre ele."
2020/05/27 11:27:14 AM GMT-3,40 - 44,Feminino,Branca,Biologia ,São Paulo (SP),Coordenador de projeto,Sim,4,Projeto 17,3,4,5,5,3,4,5,5,5,3,5,5,5,5,5,4,5,Inserção de mais cientistas (mulheres) no projeto.,sim,"Sim, participo e quero opinar sobre ele."
2020/05/27 5:41:00 PM GMT-3,55 - 59,Feminino,Branca,Engenharia,Rio Grande do Sul (RS),Coordenador de projeto,Sim,3,Projeto 14,3,2,5,5,5,2,5,3,4,2,3,4,5,3,3,2,4,,sim,"Sim, participo e quero opinar sobre ele."
2020/06/01 4:27:28 PM GMT-3,55 - 59,Masculino,Branca,Química,São Paulo (SP),Pesquisador,Sim,3,Projeto 20,4,5,4,2,4,2,4,4,5,3,2,4,4,2,3,1,4,,sim,"Sim, participo e quero opinar sobre ele."
2020/06/01 4:47:36 PM GMT-3,30 - 34,Feminino,Branca,Engenharia,São Paulo (SP),Pós-doutorando,Sim,4,Projeto 23,1,2,5,5,1,1,5,5,5,1,5,3,5,1,3,5,3,,sim,"Sim, participo e quero opinar sobre ele."
2020/06/01 6:52:30 PM GMT-3,30 - 34,Feminino,Branca,Engenharia,São Paulo (SP),Pós-doutorando,Sim,4,Projeto 23,1,2,5,5,1,1,5,5,5,1,5,3,5,1,3,5,3,,sim,"Sim, participo e quero opinar sobre ele."
2020/06/01 8:26:44 PM GMT-3,55 - 59,Feminino,Branca,Matemática,São Paulo (SP),Coordenador de projeto,Sim,4,Projeto 25,2,1,4,1,1,1,4,4,2,1,3,1,3,1,1,1,1,,sim,"Sim, participo e quero opinar sobre ele."
2020/06/02 11:42:16 AM GMT-3,65+,Masculino,Branca,Engenharia,Estrangeiro,Professor - Pesquisador,Não,,Projeto 13,5,5,5,5,5,5,5,5,5,5,5,5,5,5,5,5,5,,sim,"Sim, participo e quero opinar sobre ele."
2020/06/05 10:02:08 AM GMT-3,55 - 59,Feminino,Parda,Psicologia,São Paulo (SP),Misto: administrativo & aluno de doutorado,Sim,4,Projeto 21,2,2,3,4,4,1,5,3,4,2,3,3,4,1,1,4,3,"Intensificar o diálogo com o governo e a sociedade leiga, educando-os com informações científicas. ",sim,"Sim, participo e quero opinar sobre ele."
2020/06/05 11:39:47 AM GMT-3,35 - 39,Feminino,Morena,Direito,Rio Grande do Norte (RN),Coordenador de projeto,Sim,5,Projeto 21,3,3,3,5,5,3,5,5,5,5,5,5,5,5,5,5,5,,sim,"Sim, participo e quero opinar sobre ele."
2020/05/15 1:02:16 PM GMT-3,45 - 49,Masculino,Prefiro não declarar,Física,São Paulo (SP),Coordenador de projeto,Sim,3,Projeto 12,4,2,4,2,1,2,5,4,5,4,5,3,5,2,2,2,2,,não,Não participo.
2020/05/15 1:10:38 PM GMT-3,65+,Masculino,Amarela,Engenharia,Estrangeiro,Professor - Pesquisador,Sim,3,Projeto 34,2,2,1,3,2,2,2,5,5,3,5,5,5,5,4,5,5,,não,Não participo.
2020/05/15 1:16:31 PM GMT-3,25 - 29,Masculino,Branca,Matemática,São Paulo (SP),Pós-doutorando,Não,,Projeto 46,5,5,5,5,5,5,5,5,5,5,5,5,5,5,5,5,5,,não,Não participo.
2020/05/15 1:16:43 PM GMT-3,60 - 64,Masculino,Branca,Engenharia,Rio de Janeiro (RJ),Pesquisador,Não,,Projeto 8,3,1,4,3,2,2,4,5,4,2,2,2,4,2,3,1,4,,não,Não participo.
2020/05/15 1:20:08 PM GMT-3,30 - 34,Masculino,Branca,Engenharia,Estrangeiro,Aluno de doutorado,Sim,3,Projeto 39,1,1,1,1,1,1,5,4,5,1,5,5,4,4,4,1,1,,não,Não participo.
2020/05/15 1:27:23 PM GMT-3,35 - 39,Masculino,Parda,Engenharia,São Paulo (SP),Aluno de doutorado,Não,,Projeto 46,1,1,1,5,3,3,5,5,5,1,3,2,2,1,2,2,5,,não,Não participo.
2020/05/15 1:30:11 PM GMT-3,30 - 34,Feminino,Parda,Engenharia,São Paulo (SP),Aluno de mestrado,Não,,Projeto 9,1,1,5,1,1,1,1,1,3,1,1,1,5,1,4,1,1,,não,Não participo.
2020/05/15 1:37:51 PM GMT-3,40 - 44,Masculino,Branca,Geologia,São Paulo (SP),Professor - Pesquisador,Não,,Projeto 36,2,2,5,3,2,4,5,5,5,3,5,5,5,5,5,2,5,,não,Não participo.
2020/05/15 1:51:52 PM GMT-3,55 - 59,Masculino,Branca,Engenharia,São Paulo (SP),Coordenador de projeto,Sim,3,Projeto 19,3,3,4,4,3,1,5,4,5,3,4,5,5,3,3,2,4,,não,Não participo.
2020/05/15 2:05:10 PM GMT-3,25 - 29,Feminino,Parda,Matemática,São Paulo (SP),Aluno de doutorado,Sim,3,Projeto 46,1,1,3,3,1,1,5,1,3,3,3,5,3,1,1,1,5,,não,Não participo.
2020/05/15 2:05:39 PM GMT-3,35 - 39,Masculino,Branca,Geofísica,São Paulo (SP),Aluno de doutorado,Não,,Projeto 46,1,1,2,3,1,3,3,3,3,1,1,1,2,1,1,1,5,O projeto trata de forma geral do desenvolvimento de um conhecimento e/ou ferramenta. A forma como isso é aplicado é que determinará a relevância perante os ODS.,não,Não participo.
2020/05/15 2:08:05 PM GMT-3,25 - 29,Feminino,Parda,Engenharia,São Paulo (SP),Aluno de doutorado,Sim,3,Projeto 40,5,5,5,5,5,5,5,5,5,5,5,5,5,5,5,5,5,Minha pesquisa está investigando as condições para implantar a grande escala um projeto que trará energia limpa reduzindo a poluição ambiental e procurando a preservação da flora e fauna natural.,não,Não participo.
2020/05/15 2:30:41 PM GMT-3,35 - 39,Masculino,Parda,Engenharia,Rio de Janeiro (RJ),Aluno de doutorado,Sim,3,Projeto 37,1,1,1,1,1,1,3,1,5,1,1,5,5,1,1,1,1,"O produto desenvolvido no projeto pode ser explorado, em termos de business development para que possa atingir outras áreas, principalmente nas áreas de enrgia limpa e crescimento econômico",não,Não participo.
2020/05/15 2:31:47 PM GMT-3,18 - 24,Masculino,Branca,Geografia,São Paulo (SP),Aluno de iniciação científica,Sim,3,Projeto 26,4,2,2,4,5,2,5,4,5,3,5,3,5,2,2,4,5,,não,Não participo.
2020/05/15 2:33:07 PM GMT-3,18 - 24,Feminino,Branca,Geologia,São Paulo (SP),Aluno de doutorado,Sim,4,Projeto 36,2,2,5,4,3,4,4,3,5,2,3,5,5,4,5,3,4,Abordagens mais interdisciplinares,não,Não participo.
2020/05/15 2:37:43 PM GMT-3,50 - 54,Masculino,Branca,Ciência da Computação,São Paulo (SP),Pesquisador,Não,,Projeto 46,3,2,3,4,4,1,4,3,5,3,2,2,3,3,3,3,4,,não,Não participo.
2020/05/15 2:38:02 PM GMT-3,25 - 29,Feminino,Branca,Geologia,São Paulo (SP),Aluno de mestrado,Sim,4,Projeto 26,1,1,4,1,1,1,5,4,4,1,5,3,4,2,2,3,2,,não,Não participo.
2020/05/15 2:42:38 PM GMT-3,35 - 39,Masculino,Branca,Engenharia,São Paulo (SP),Pesquisador,Sim,3,Projeto 37,3,1,3,3,1,3,4,5,5,3,3,5,5,5,5,5,4,,não,Não participo.
2020/05/15 2:47:37 PM GMT-3,40 - 44,Masculino,Branca,Engenharia,São Paulo (SP),Pesquisador,Não,,Projeto 37,3,5,5,5,5,5,5,5,5,3,4,4,5,4,4,3,5,,não,Não participo.
2020/05/15 2:58:44 PM GMT-3,18 - 24,Masculino,Branca,Engenharia,São Paulo (SP),Aluno de mestrado,Não,,Projeto 37,1,1,3,4,1,1,5,1,3,1,1,1,4,1,3,1,3,,não,Não participo.
2020/05/15 3:02:28 PM GMT-3,40 - 44,Masculino,Branca,Tecnologia,São Paulo (SP),Analista de Suporte de TI,Sim,5,Projeto 42,4,4,5,5,4,5,5,5,4,4,5,5,5,4,4,4,4,Alinhamento de membros e órgãos competentes em prol de uma mesma meta. ,não,Não participo.
2020/05/15 3:13:19 PM GMT-3,25 - 29,Feminino,Branca,Engenharia,Bahia (BA),Aluno de mestrado,Não,,Projeto 37,2,3,5,5,2,3,4,4,5,3,4,5,5,4,5,3,5,,não,Não participo.
2020/05/15 3:17:33 PM GMT-3,25 - 29,Masculino,Branca,Engenharia,São Paulo (SP),Aluno de doutorado,Sim,3,Projeto 37,1,1,5,1,1,2,5,3,5,1,3,5,5,3,5,1,5,,não,Não participo.
2020/05/15 3:52:46 PM GMT-3,30 - 34,Masculino,Parda,Engenharia,Estrangeiro,Aluno de doutorado,Não,,Projeto 37,2,2,4,2,3,4,5,3,5,2,5,5,5,5,5,2,3,,não,Não participo.
2020/05/15 3:54:29 PM GMT-3,65+,Feminino,Branca,Engenharia,Rio de Janeiro (RJ),vice-coordenador de programa,Sim,5,Projeto 27,5,4,5,3,3,5,5,5,4,5,5,4,5,3,5,4,5,Atingir a implementação dos resultados alcançados no projeto,não,Não participo.
2020/05/15 3:55:41 PM GMT-3,25 - 29,Masculino,Parda,Engenharia,São Paulo (SP),Aluno de mestrado,Não,,Projeto 37,1,1,5,1,1,1,3,1,1,1,1,4,5,1,1,1,5,,não,Não participo.
2020/05/15 3:56:36 PM GMT-3,40 - 44,Feminino,Branca,Engenharia,São Paulo (SP),Pós-doutorando,Sim,3,Projeto 27,1,1,5,5,2,5,5,5,5,3,5,5,5,1,5,5,5,,não,Não participo.
2020/05/15 4:11:15 PM GMT-3,45 - 49,Masculino,Prefiro não declarar,Engenharia,São Paulo (SP),Pesquisador,Sim,5,Projeto 27,5,2,5,5,1,5,5,2,5,2,4,4,4,3,3,1,1,"Questões voltadas a genêro, agricultura familiar, pequena escala, inclusão social passam distante das atividades do projeto, o que é natural, mas se o RCGI busca incorporar os ODS no discurso do centro, esses pontos são importantes de serem considerados. Outra sugestão é a pergunta de etnia que é um problema, aqui no Brasil sou considerado branco apesar de ser bisneto de afrodescendente, na América do norte e Europa Latino. Talvez uma questão que olhe para ser ou não privilegiado seria uma informação mais importante. Todos que estão no RCGI estão nele por destaque na carreira, mas tiveram caminhos diferentes, saber se é a primeira geração com nível superior na familia por exemplo diz mais  .",não,Não participo.
2020/05/15 4:24:44 PM GMT-3,30 - 34,Feminino,Branca,Engenharia,Minas Gerais (MG),Pós-doutorando,Sim,2,Projeto 30,2,2,2,2,4,2,5,3,4,2,5,4,5,2,4,4,4,,não,Não participo.
2020/05/15 4:29:43 PM GMT-3,55 - 59,Masculino,Amarela,Engenharia,São Paulo (SP),Coordenador de projeto,Sim,5,Projeto 37,2,1,1,1,1,1,5,2,2,1,1,1,5,5,1,1,1,,não,Não participo.
2020/05/15 4:34:47 PM GMT-3,30 - 34,Masculino,Branca,Engenharia,Estrangeiro,Pós-doutorando,Sim,4,Projeto 37,4,5,3,3,3,5,5,4,3,4,5,5,5,5,5,3,5,,não,Não participo.
2020/05/15 5:11:40 PM GMT-3,18 - 24,Feminino,Branca,Gestão Ambiental,São Paulo (SP),Aluno de iniciação científica,Sim,4,Projeto 26,1,1,4,1,1,1,4,4,2,1,5,2,5,2,2,3,4,,não,Não participo.
2020/05/15 5:55:13 PM GMT-3,40 - 44,Masculino,Prefiro não declarar,Matematica,Estrangeiro,Professor - Pesquisador,Não,,Projeto 46,1,1,1,5,1,1,3,5,5,5,3,3,1,1,1,1,5,,não,Não participo.
2020/05/15 6:22:25 PM GMT-3,30 - 34,Masculino,Branca,Matemática,São Paulo (SP),Aluno de doutorado,Não,,Projeto 1,3,3,2,5,1,2,2,5,5,2,5,5,5,1,1,1,5,,não,Não participo.
2020/05/15 6:46:04 PM GMT-3,30 - 34,Masculino,Branca,Matemática,São Paulo (SP),Aluno de doutorado,Não,,Projeto 46,3,2,2,5,1,3,1,5,5,2,5,5,2,1,2,1,5,,não,Não participo.
2020/05/15 7:03:24 PM GMT-3,40 - 44,Masculino,Branca,Engenharia,São Paulo (SP),Professor - Pesquisador,Não,,Projeto 7,2,2,5,4,3,2,5,4,5,3,5,5,5,4,2,4,5,,não,Não participo.
2020/05/15 7:40:37 PM GMT-3,30 - 34,Feminino,Parda,Geologia,Estrangeiro,Aluno de mestrado,Sim,4,Projeto 36,2,1,4,1,1,2,5,5,5,1,5,4,5,1,3,1,3,,não,Não participo.
2020/05/15 8:46:54 PM GMT-3,45 - 49,Masculino,Branca,Engenharia,São Paulo (SP),Pesquisador,Não,,Projeto 37,2,2,5,2,1,1,5,5,5,1,3,5,5,2,3,2,5,,não,Não participo.
2020/05/15 11:49:31 PM GMT-3,25 - 29,Feminino,Branca,Química,Mato Grosso (MT),Aluno de doutorado,Não,,Projeto 30,3,1,5,4,1,4,5,5,5,1,3,5,5,3,3,1,5,"Apesar de se tratar de uma pesquisa em Ciência & Tecnologia, ela poderia ser mais inclusiva ao tratar de igualdade de gênero e outros problemas sociais.",não,Não participo.
2020/05/16 12:44:09 AM GMT-3,35 - 39,Masculino,latino,Física,Ceará (CE),Pós-doutorando,Não,,Projeto 46,4,1,1,4,3,4,5,1,4,1,4,3,1,5,4,1,3,,não,Não participo.
2020/05/16 1:41:18 AM GMT-3,35 - 39,Masculino,Parda,Engenharia,São Paulo (SP),Aluno de doutorado,Não,,Projeto 39,5,5,4,5,4,5,5,5,5,5,4,4,4,4,5,4,5,,não,Não participo.
2020/05/16 7:51:29 AM GMT-3,30 - 34,Masculino,Prefiro não declarar,Engenharia,São Paulo (SP),Pesquisador,Sim,5,Projeto 26,1,1,5,1,1,1,5,4,4,2,3,3,5,2,4,4,4,,não,Não participo.
2020/05/16 9:57:12 AM GMT-3,25 - 29,Masculino,Branca,Computação,Bahia (BA),Aluno de doutorado,Não,,Projeto 46,1,1,2,4,4,1,1,4,3,2,2,3,1,1,1,1,5,,não,Não participo.
2020/05/16 10:18:57 AM GMT-3,18 - 24,Feminino,Branca,Geologia,São Paulo (SP),Aluno de iniciação científica,Não,,Projeto 26,1,1,2,1,1,1,5,4,4,2,4,3,5,1,1,1,3,,não,Não participo.
2020/05/16 11:13:29 AM GMT-3,30 - 34,Masculino,Amarela,Engenharia,São Paulo (SP),Aluno de doutorado,Sim,2,Projeto 39,3,1,4,5,1,1,5,1,5,1,3,5,5,2,2,1,3,,não,Não participo.
2020/05/17 10:46:07 AM GMT-3,25 - 29,Masculino,Branca,Engenharia,Rio Grande do Sul (RS),Aluno de doutorado,Não,,Projeto 46,1,1,1,1,1,1,1,1,1,1,1,1,1,1,1,1,1,,não,Não participo.
2020/05/17 12:03:22 PM GMT-3,55 - 59,Masculino,Branca,Engenharia,São Paulo (SP),Coordenador de projeto,Sim,5,Projeto 22,2,2,4,3,2,5,5,4,5,2,4,5,5,2,4,5,4,,não,Não participo.
2020/05/17 12:59:21 PM GMT-3,35 - 39,Masculino,Prefiro não declarar,Engenharia,Estrangeiro,Pós-doutorando,Sim,3,Projeto 46,1,1,1,1,1,1,2,1,3,1,1,3,3,3,3,1,4,,não,Não participo.
2020/05/17 5:39:36 PM GMT-3,60 - 64,Feminino,Branca,Engenharia,São Paulo (SP),Pós-doutorando,Sim,3,Projeto 27,2,3,3,3,2,5,5,2,5,2,5,5,5,1,5,2,2,,não,Não participo.
2020/05/17 7:55:41 PM GMT-3,35 - 39,Masculino,Branca,Física,Mato Grosso do Sul (MS),Professor - Pesquisador,Não,,Projeto 3,2,1,5,5,1,1,5,5,3,5,5,5,5,5,5,5,5,,não,Não participo.
2020/05/17 8:16:07 PM GMT-3,30 - 34,Feminino,Branca,Direito,Bahia (BA),Aluno de doutorado,Sim,5,Projeto 26,2,1,4,4,4,1,5,5,4,2,3,2,5,1,2,3,4,"Pensando em formas de tornar o conhecimento criado mais inclusivo para pessoas de diferentes níveis educacionais e incluindo a menção aos ODS em artigos, o que ajudaria na na reflexão sobre a contribuição do projeto com os ODS.",não,Não participo.
2020/05/18 7:12:18 AM GMT-3,25 - 29,Feminino,Branca,Engenharia,São Paulo (SP),Aluno de doutorado,Não,,Projeto 19,1,1,1,1,3,5,5,3,5,3,5,5,5,4,4,2,3,,não,Não participo.
2020/05/18 9:00:09 AM GMT-3,40 - 44,Masculino,Branca,Engenharia,Santa Catarina (SC),Pós-doutorando,Não,,Projeto 46,1,1,3,1,1,1,2,1,2,1,1,2,2,2,1,1,3,,não,Não participo.
2020/05/18 9:24:21 AM GMT-3,40 - 44,Masculino,Branca,Biologia,São Paulo (SP),Coordenador de projeto,Sim,4,Projeto 42,2,1,4,1,1,3,5,2,4,2,2,5,5,5,5,3,4,A integração com outros projetos do RCGI poderia trazer novas perspectivas e contribuições para outros ODS.,não,Não participo.
2020/05/18 10:06:59 AM GMT-3,35 - 39,Masculino,Branca,Matemática Aplicada,São Paulo (SP),Professor - Pesquisador,Não,,Projeto 46,1,1,1,5,2,1,1,2,3,1,1,1,1,1,1,1,1,,não,Não participo.
2020/05/18 10:20:29 AM GMT-3,25 - 29,Masculino,Branca,Engenharia,São Paulo (SP),Aluno de mestrado,Não,,Projeto 37,1,1,5,5,1,1,5,2,5,1,1,5,5,2,2,1,4,,não,Não participo.
2020/05/18 11:34:14 AM GMT-3,50 - 54,Masculino,Branca,Engenharia,São Paulo (SP),Professor - Pesquisador,Sim,4,Projeto 32,1,2,1,1,1,2,5,2,4,2,2,4,5,2,2,1,1,,não,Não participo.
2020/05/18 11:40:37 AM GMT-3,25 - 29,Masculino,Branca,Engenharia,Paraíba (PB),Aluno de mestrado,Sim,2,Projeto 32,1,1,3,3,1,3,4,4,5,1,5,5,5,5,4,1,2,,não,Não participo.
2020/05/18 11:41:56 AM GMT-3,18 - 24,Masculino,Branca,Economia,São Paulo (SP),Aluno de iniciação científica,Sim,4,Projeto 26,3,3,3,2,1,2,5,5,5,2,5,5,5,1,3,1,4,,não,Não participo.
2020/05/18 11:43:34 AM GMT-3,30 - 34,Feminino,Branca,Química,Espírito Santo (ES),Pós-doutorando,Sim,2,Projeto 31,3,1,5,5,1,1,5,1,5,1,5,5,5,5,5,1,5,,não,Não participo.
2020/05/18 11:51:21 AM GMT-3,30 - 34,Masculino,Branca,Engenharia,São Paulo (SP),Aluno de mestrado,Sim,3,Projeto 39,3,2,5,3,3,2,5,4,5,4,4,5,5,5,5,4,5,,não,Não participo.
2020/05/18 11:53:50 AM GMT-3,25 - 29,Masculino,Prefiro não declarar,Engenharia,São Paulo (SP),Aluno de doutorado,Sim,3,Projeto 27,3,5,3,3,2,5,5,3,4,2,5,4,5,3,4,2,3,"- Readequação do foco do projeto
- Buscar parcerias para implementar ou medir impactos (econômicos e ambientais) de projetos de biogás",não,Não participo.
2020/05/18 11:54:05 AM GMT-3,30 - 34,Masculino,Prefiro não declarar,Química,Minas Gerais (MG),Pós-doutorando,Não,,Projeto 30,1,1,1,3,3,1,4,1,3,1,2,1,4,1,1,1,1,,não,Não participo.
2020/05/18 11:55:59 AM GMT-3,55 - 59,Masculino,Branca,Química,São Paulo (SP),Professor - Pesquisador,Não,,Projeto 30,1,1,4,3,1,2,5,4,5,2,2,4,5,3,4,1,5,,não,Não participo.
2020/05/18 11:59:55 AM GMT-3,30 - 34,Masculino,Branca,Física,São Paulo (SP),Pós-doutorando,Não,,Projeto 46,1,1,1,5,1,1,2,5,5,1,2,2,1,1,1,1,5,,não,Não participo.
2020/05/18 12:01:59 PM GMT-3,60 - 64,Masculino,Prefiro não declarar,Matemática Aplicada,São Paulo (SP),Professor - Pesquisador,Sim,3,Projeto 46,3,2,2,4,4,1,3,4,5,3,3,3,2,1,1,3,5,,não,Não participo.
2020/05/18 12:04:16 PM GMT-3,25 - 29,Feminino,Preta,Engenharia,São Paulo (SP),Aluno de mestrado,Sim,4,Projeto 17,2,1,5,3,1,2,1,1,5,2,4,4,5,4,4,3,4,,não,Não participo.
2020/05/18 12:09:05 PM GMT-3,60 - 64,Masculino,Homo sapiens sapiens,Engenharia,São Paulo (SP),Pesquisador,Sim,3,Projeto 8,3,3,3,3,3,3,5,5,5,2,3,4,5,4,4,4,5,,não,Não participo.
2020/05/18 12:09:26 PM GMT-3,35 - 39,Feminino,Branca,Engenharia,São Paulo (SP),Pós-doutorando,Sim,3,Projeto 16,1,1,1,3,1,1,5,1,2,1,3,1,5,1,1,1,1,"Testes em campo, e legislação sobre combustíveis  solares ",não,Não participo.
2020/05/18 12:11:01 PM GMT-3,35 - 39,Masculino,Amarela,Engenharia,São Paulo (SP),Pós-doutorando,Não,,Projeto 39,4,2,5,3,1,2,4,2,4,1,3,4,5,1,3,1,5,,não,Não participo.
2020/05/18 12:18:52 PM GMT-3,30 - 34,Masculino,Branca,Engenharia,São Paulo (SP),Pós-doutorando,Sim,3,Projeto 10,1,1,4,1,1,1,5,1,4,1,3,5,5,1,3,1,4,,não,Não participo.
2020/05/18 12:38:56 PM GMT-3,25 - 29,Feminino,Branca,Geologia,São Paulo (SP),Aluno de mestrado,Sim,3,Projeto 36,1,2,5,2,2,2,5,1,5,1,3,4,5,2,4,2,5,,não,Não participo.
2020/05/18 12:47:01 PM GMT-3,35 - 39,Masculino,Branca,Engenharia,São Paulo (SP),Consultor,Não,,Projeto 34,1,1,4,3,2,1,5,4,4,1,2,4,5,1,1,1,2,Maior interface com universidades estrangeiras (ODS 17),não,Não participo.
2020/05/18 12:52:48 PM GMT-3,30 - 34,Feminino,Indígena,Biologia,São Paulo (SP),Pós-doutorando,Não,,Projeto 17,3,5,4,3,3,4,5,4,4,3,5,5,5,5,4,4,5,,não,Não participo.
2020/05/18 1:20:36 PM GMT-3,25 - 29,Feminino,Preta,Engenharia,Distrito Federal (DF),Aluno de mestrado,Sim,5,Projeto 32,1,1,3,1,1,2,5,3,5,1,5,4,5,1,1,1,5,Dar uma importância maior e adequada a avaliação de impacto ambiental e focar os projetos mais coerentemente com essas indicações,não,Não participo.
2020/05/18 1:39:12 PM GMT-3,45 - 49,Feminino,Branca,Química,São Paulo (SP),Pós-doutorando,Não,,Projeto 3,1,1,5,3,3,1,5,2,3,2,3,3,4,1,3,1,3,,não,Não participo.
2020/05/18 1:39:15 PM GMT-3,18 - 24,Feminino,Branca,Engenharia,Minas Gerais (MG),Aluno de mestrado,Não,,Projeto 38,1,1,3,4,1,1,4,4,4,1,4,3,5,2,3,2,3,,não,Não participo.
2020/05/18 1:43:03 PM GMT-3,55 - 59,Masculino,Branca,Química,São Paulo (SP),Pesquisador,Não,,Projeto 20,3,1,5,4,5,3,5,5,5,5,5,5,5,4,5,4,5,,não,Não participo.
2020/05/18 1:45:00 PM GMT-3,30 - 34,Outro,Parda,Engenharia,São Paulo (SP),Pesquisador,Sim,4,Projeto 24,3,3,4,3,3,1,5,5,5,3,5,5,5,2,4,4,5,,não,Não participo.
2020/05/18 1:48:24 PM GMT-3,25 - 29,Masculino,Parda,Engenharia,Minas Gerais (MG),Aluno de mestrado,Sim,3,Projeto 7,1,1,5,1,1,1,5,2,5,1,2,4,5,2,2,1,5,,não,Não participo.
2020/05/18 1:51:05 PM GMT-3,25 - 29,Feminino,Prefiro não declarar,Química,Rio de Janeiro (RJ),Aluno de doutorado,Não,,Projeto 12,2,3,5,5,1,2,5,5,5,1,5,5,5,1,5,1,5,,não,Não participo.
2020/05/18 1:53:35 PM GMT-3,65+,Masculino,Branca,Física,São Paulo (SP),Professor - Pesquisador,Não,,Projeto 41,5,5,5,5,5,5,5,5,5,5,5,5,5,5,5,5,5,Maior divulgação junto ao público. ,não,Não participo.
2020/05/18 1:54:17 PM GMT-3,55 - 59,Masculino,Branca,Engenharia,São Paulo (SP),Técnico de laboratório,Não,,Projeto 12,5,5,5,5,3,5,5,5,5,5,5,3,5,4,5,3,4,,não,Não participo.
2020/05/18 1:58:22 PM GMT-3,45 - 49,Masculino,Amarela,Engenharia,São Paulo (SP),Pós-doutorando,Não,,Projeto 35,1,1,5,1,1,1,3,1,2,1,1,3,5,1,2,1,1,,não,Não participo.
2020/05/18 1:58:43 PM GMT-3,30 - 34,Outro,Prefiro não declarar,Química,Paraná (PR),Pós-doutorando,Sim,2,Projeto 12,3,1,5,5,5,3,5,1,5,4,5,3,5,1,3,1,1,,não,Não participo.
2020/05/18 2:05:35 PM GMT-3,45 - 49,Masculino,Branca,Engenharia,São Paulo (SP),Professor - Pesquisador,Sim,3,Projeto 39,3,4,5,5,3,3,5,4,5,3,5,5,5,3,3,3,5,,não,Não participo.
2020/05/18 2:05:55 PM GMT-3,30 - 34,Masculino,Branca,Química,São Paulo (SP),Pós-doutorando,Não,,Projeto 14,3,3,5,4,2,5,5,5,5,2,5,5,5,4,5,2,5,,não,Não participo.
2020/05/18 2:06:01 PM GMT-3,25 - 29,Feminino,Branca,Química,São Paulo (SP),Aluno de doutorado,Sim,3,Projeto 14,1,2,5,2,4,2,5,5,5,3,5,5,5,2,4,1,3,,não,Não participo.
2020/05/18 2:31:38 PM GMT-3,30 - 34,Masculino,Branca,Engenharia,São Paulo (SP),Aluno de doutorado,Não,,Projeto 5,2,2,2,1,1,1,5,3,5,1,4,5,4,1,4,1,4,,não,Não participo.
2020/05/18 2:43:56 PM GMT-3,35 - 39,Masculino,Branca,Engenharia,São Paulo (SP),Pós-doutorando,Não,,Projeto 34,2,1,5,3,3,5,5,5,5,2,4,5,5,3,2,2,4,,não,Não participo.
2020/05/18 2:49:10 PM GMT-3,30 - 34,Masculino,Prefiro não declarar,Engenharia,São Paulo (SP),Aluno de doutorado,Não,,Projeto 31,3,3,4,3,3,3,5,4,5,3,5,5,5,5,5,3,4,,não,Não participo.
2020/05/18 2:54:22 PM GMT-3,55 - 59,Masculino,Branca,Engenharia,São Paulo (SP),Professor - Pesquisador,Não,,Projeto 5,3,3,5,5,2,3,5,4,5,4,5,3,5,3,4,4,4,,não,Não participo.
2020/05/18 3:01:03 PM GMT-3,45 - 49,Masculino,Branca,Engenharia,São Paulo (SP),Professor - Pesquisador,Sim,3,Projeto 34,2,3,4,1,1,3,5,4,5,1,1,5,5,4,4,2,5,,não,Não participo.
2020/05/18 3:13:06 PM GMT-3,30 - 34,Masculino,Branca,Física,Paraná (PR),Pós-doutorando,Não,,Projeto 41,1,1,3,1,1,1,2,1,3,1,2,1,3,2,2,1,3,,não,Não participo.
2020/05/18 3:31:37 PM GMT-3,35 - 39,Masculino,Branca,Engenharia,São Paulo (SP),Pesquisador,Não,,Projeto 10,1,1,4,2,1,3,5,3,5,3,3,5,5,5,5,3,3,,não,Não participo.
2020/05/18 3:43:30 PM GMT-3,25 - 29,Masculino,Prefiro não declarar,Engenharia,São Paulo (SP),Aluno de doutorado,Não,,Projeto 37,1,1,1,1,1,1,4,2,5,1,5,5,5,1,5,1,1,,não,Não participo.
2020/05/18 3:45:53 PM GMT-3,60 - 64,Masculino,Prefiro não declarar,Engenharia,Espírito Santo (ES),Pesquisador,Não,,Projeto 37,1,1,4,4,3,1,4,4,5,4,4,4,4,5,4,1,4,,não,Não participo.
2020/05/18 3:55:39 PM GMT-3,30 - 34,Masculino,Branca,Engenharia,São Paulo (SP),Pesquisador,Sim,3,Projeto 6,1,1,1,1,1,1,4,1,5,1,4,5,5,3,1,1,1,,não,Não participo.
2020/05/18 4:04:27 PM GMT-3,25 - 29,Masculino,Branca,Engenharia,São Paulo (SP),Aluno de mestrado,Sim,3,Projeto 27,4,4,3,1,2,4,5,4,5,4,4,5,5,3,4,1,2,,não,Não participo.
2020/05/18 4:28:17 PM GMT-3,40 - 44,Feminino,Branca,Engenharia,São Paulo (SP),Pós-doutorando,Não,,Projeto 13,3,3,5,5,5,1,5,5,5,1,3,5,5,1,4,3,5,,não,Não participo.
2020/05/18 4:30:15 PM GMT-3,18 - 24,Masculino,Branca,Engenharia,São Paulo (SP),Aluno de mestrado,Não,,Projeto 39,1,1,1,1,1,1,5,4,4,1,3,5,5,1,1,1,1,,não,Não participo.
2020/05/18 4:38:57 PM GMT-3,25 - 29,Feminino,Branca,Engenharia,São Paulo (SP),Aluno de mestrado,Sim,5,Projeto 36,1,1,5,2,3,1,5,4,5,1,5,3,5,1,3,3,2,,não,Não participo.
2020/05/18 4:39:04 PM GMT-3,65+,Masculino,Branca,Geologia,São Paulo (SP),Coordenador de projeto,Sim,3,Projeto 36,1,1,5,3,1,3,5,1,4,1,3,2,5,2,5,1,3,tornar-se mais interdisciplinar,não,Não participo.
2020/05/18 4:49:54 PM GMT-3,25 - 29,Masculino,Branca,Química,Espírito Santo (ES),Aluno de doutorado,Não,,Projeto 30,5,5,5,5,3,5,5,5,5,5,5,4,5,5,5,5,5,,não,Não participo.
2020/05/18 4:50:16 PM GMT-3,30 - 34,Feminino,Branca,Engenharia,São Paulo (SP),Aluno de doutorado,Não,,Projeto 17,2,3,5,3,3,2,5,4,5,2,4,5,5,3,5,1,2,Avaliação econômica e social da produção de microalgas e bioprodutos derivados,não,Não participo.
2020/05/18 5:06:53 PM GMT-3,25 - 29,Masculino,Branca,Engenharia,São Paulo (SP),Aluno de doutorado,Sim,3,Projeto 31,3,2,4,2,1,4,5,1,5,2,4,4,5,4,4,1,3,,não,Não participo.
2020/05/18 5:38:04 PM GMT-3,65+,Masculino,Branca,Engenharia,São Paulo (SP),Aluno de doutorado,Sim,4,Projeto 39,1,1,5,2,1,1,5,1,1,1,5,5,5,1,1,3,5,,não,Não participo.
2020/05/18 5:51:49 PM GMT-3,45 - 49,Feminino,Branca,Química,São Paulo (SP),Aluno de doutorado,Sim,3,Projeto 9,1,1,4,4,4,2,4,3,5,1,3,4,5,4,5,5,3,,não,Não participo.
2020/05/18 6:17:48 PM GMT-3,35 - 39,Feminino,Branca,Engenharia,Estrangeiro,Aluno de mestrado,Não,,Projeto 31,2,1,5,5,3,1,5,2,3,2,2,4,5,2,4,2,5,,não,Não participo.
2020/05/18 7:02:52 PM GMT-3,35 - 39,Feminino,Branca,Oceanografia,Rio de Janeiro (RJ),Aluno de doutorado,Sim,3,Projeto 42,1,1,5,5,3,3,5,5,3,2,3,5,5,5,5,5,5,,não,Não participo.
2020/05/18 7:05:03 PM GMT-3,25 - 29,Feminino,Parda,Engenharia,São Paulo (SP),Aluno de doutorado,Sim,5,Projeto 40,5,5,5,5,5,5,5,5,5,5,5,5,5,5,5,5,5,"A captura e armazenamento de carbono (CCS) é a opção mais viável para reduzir as emissões de CO2 das usinas, continuando o uso de combustíveis fósseis para atender à crescente demanda de energia mais de forma sustentável. Assim o projeto 040- CORROSION BEHAVIOR STUDY AND / OR DEGRADATION IN AQUOSA SOLUTION WITH CO2 IN THE ABSENCE AND PRESENCE OF CONTAMINANTS (NOX, SOX AND H2S) OF MATERIALS USED IN THE TRANSPORT OF SUPERCRYTIC CO2 (SCCO2) ” faz parte de projetos do RCGI e estuda as condições para viabilizar o projeto CCS a grande escala permitindo assegurar padrões de produção e de consumo sustentáveis já que as principais atividades industriais estariam tendo uma etapa com responsabilidade ambiental com o principal objetivo de reduzir as emissões de CO2 desta forma permitirá combater a mudança do clima e seus impactos que este traz consigo. Assim com menos poluição pode manter o equilíbrio e conservação dos mares e dos recursos marinhos, promovendo o uso sustentável dos ecossistemas terrestres, assim a redução de CO2 mediante implementações e acordos ambientais permitirá manter a economia más com responsabilidade ambiental promovendo o desarrolho sustentável. Respeito à agenda da ONU nosso projeto direita e indiretamente ajudaria a desenvolver estratégias para alcançar os objetivos 12,13,14,15,16 e 17.",não,Não participo.
2020/05/18 8:56:49 PM GMT-3,40 - 44,Masculino,Branca,Engenharia,Estrangeiro,Pós-doutorando,Sim,3,Projeto 40,1,1,5,5,3,2,4,4,5,2,1,5,5,3,4,1,5,,não,Não participo.
2020/05/18 9:18:23 PM GMT-3,40 - 44,Masculino,Branca,Economia,São Paulo (SP),Aluno de doutorado,Sim,3,Projeto 24,2,1,4,4,2,3,5,5,5,3,5,5,5,1,2,2,5,,não,Não participo.
2020/05/18 9:21:28 PM GMT-3,60 - 64,Feminino,Branca,Economia,Bahia (BA),Coordenador de projeto,Sim,3,Projeto 24,2,1,4,4,2,3,5,5,5,3,5,5,5,2,3,2,5,Ampliar o escopo do Projeto para analisar cenários de mitigação de emissões através da proposição de políticas públicas que favoreçam a adoção de tecnologias menos impactantes. ,não,Não participo.
2020/05/18 10:05:12 PM GMT-3,25 - 29,Feminino,Branca,Geografia,São Paulo (SP),Aluno de mestrado,Sim,5,Projeto 25,1,1,5,2,5,1,5,5,4,1,5,4,5,1,1,4,3,,não,Não participo.
2020/05/18 11:14:16 PM GMT-3,25 - 29,Masculino,Branca,Engenharia,Rio de Janeiro (RJ),Aluno de mestrado,Sim,3,Projeto 42,1,1,3,1,1,1,2,2,4,1,3,2,5,3,3,1,1,,não,Não participo.
2020/05/18 11:28:31 PM GMT-3,25 - 29,Masculino,Branca,Engenharia,São Paulo (SP),Aluno de doutorado,Sim,2,Projeto 37,3,2,5,5,4,1,5,5,5,4,3,3,4,4,4,4,5,,não,Não participo.
2020/05/19 12:26:21 AM GMT-3,30 - 34,Masculino,Branca,Engenharia,São Paulo (SP),Aluno de doutorado,Não,,Projeto 11,1,2,5,1,3,1,5,5,5,1,5,5,5,4,1,1,5,Assegurar que as informaçoes e desenvolvimentos sejam de domínio público para contribuir no combate às desigualdades globais.,não,Não participo.
2020/05/19 1:37:17 AM GMT-3,25 - 29,Masculino,Parda,Geografia,Paraíba (PB),Aluno de doutorado,Não,,Projeto 46,3,3,3,3,3,3,5,5,5,3,3,5,3,4,4,4,4,,não,Não participo.
2020/05/19 8:44:31 AM GMT-3,25 - 29,Feminino,Branca,Engenharia,Rio Grande do Norte (RN),Aluno de mestrado,Não,,Projeto 32,3,4,5,5,5,4,5,5,5,3,3,5,5,3,5,3,5,,não,Não participo.
2020/05/19 8:53:30 AM GMT-3,25 - 29,Masculino,Branca,Engenharia,Pernambuco (PE),Aluno de doutorado,Não,,Projeto 13,1,1,4,3,1,1,5,4,5,1,4,5,5,2,2,1,5,,não,Não participo.
2020/05/19 9:03:34 AM GMT-3,35 - 39,Masculino,Amarela,Química,Paraná (PR),Professor - Pesquisador,Não,,Projeto 30,3,5,5,5,1,2,5,5,5,2,5,5,5,4,5,3,5,,não,Não participo.
2020/05/19 9:23:21 AM GMT-3,30 - 34,Feminino,Branca,Engenharia,Minas Gerais (MG),Aluno de doutorado,Não,,Projeto 20,1,1,5,1,1,1,5,4,3,1,4,5,5,2,4,1,1,,não,Não participo.
2020/05/19 10:16:33 AM GMT-3,40 - 44,Masculino,Branca,Economia,Rio Grande do Sul (RS),Pós-doutorando,Sim,5,Projeto 23,4,3,4,4,2,2,5,5,5,3,5,3,5,1,1,1,3,"Modelagem integrada de ODS, considerando na base diferentes cenários climáticos de longo prazo. ",não,Não participo.
2020/05/19 10:30:48 AM GMT-3,25 - 29,Feminino,Prefiro não declarar,Engenharia,Estrangeiro,Técnico de laboratório,Não,,Projeto 43,3,3,4,4,4,3,5,3,5,4,3,4,4,3,3,1,4,,não,Não participo.
2020/05/19 12:02:25 PM GMT-3,55 - 59,Masculino,Branca,Engenharia,São Paulo (SP),Pós-doutorando,Sim,4,Projeto 23,1,2,3,3,1,1,5,5,5,3,3,4,5,1,3,1,3,,não,Não participo.
2020/05/19 12:39:51 PM GMT-3,30 - 34,Feminino,Parda,Química,Minas Gerais (MG),Pós-doutorando,Não,,Projeto 14,5,5,5,5,5,5,5,5,5,5,5,5,5,5,5,5,5,13,não,Não participo.
2020/05/19 3:03:00 PM GMT-3,65+,Masculino,Branca,Engenharia,Rio de Janeiro (RJ),Pesquisador,Sim,3,Projeto 34,1,3,5,1,1,3,3,1,5,1,4,4,5,5,5,1,4,,não,Não participo.
2020/05/19 3:51:56 PM GMT-3,65+,Masculino,Branca,Engenharia,São Paulo (SP),Professor - Pesquisador,Sim,3,Projeto 41,3,3,4,4,4,1,5,4,5,3,3,2,4,5,3,1,5,,não,Não participo.
2020/05/19 4:07:49 PM GMT-3,30 - 34,Feminino,Branca,Engenharia,São Paulo (SP),Pós-doutorando,Não,,Projeto 41,5,5,5,4,5,5,5,5,5,4,5,5,5,5,5,4,5,,não,Não participo.
2020/05/19 4:14:33 PM GMT-3,25 - 29,Masculino,Prefiro não declarar,Engenharia,São Paulo (SP),Aluno de mestrado,Sim,3,Projeto 39,2,1,5,5,1,1,5,5,4,1,3,3,5,1,2,1,5,,não,Não participo.
2020/05/19 4:35:09 PM GMT-3,30 - 34,Feminino,Branca,Direito,Rio de Janeiro (RJ),Aluno de doutorado,Não,,Projeto 42,1,1,3,1,1,1,3,3,4,1,3,3,4,2,3,1,2,,não,Não participo.
2020/05/19 9:07:16 PM GMT-3,30 - 34,Masculino,Branca,Engenharia,São Paulo (SP),Pesquisador,Sim,4,Projeto 42,1,1,3,4,5,1,5,4,5,2,3,4,5,5,1,4,5,Possuir um canal de comunicação para divulgação dos resultados científicos para todos os públicos e promover processos seletivos específicos para a inserção de uma maior diversidade de pessoas.,não,Não participo.
2020/05/19 9:28:28 PM GMT-3,45 - 49,Masculino,Branca,Engenharia,Minas Gerais (MG),Pesquisador,Sim,3,Projeto 31,3,2,4,4,3,2,5,4,4,3,4,5,5,3,4,2,5,,não,Não participo.
2020/05/20 10:01:40 AM GMT-3,35 - 39,Masculino,Amarela,Engenharia,São Paulo (SP),Pós-doutorando,Não,,Projeto 37,4,5,5,5,4,5,5,4,4,3,3,3,3,3,3,2,3,,não,Não participo.
2020/05/20 11:43:47 AM GMT-3,65+,Masculino,Branca,Engenharia,São Paulo (SP),Professor - Pesquisador,Sim,2,Projeto 7,2,2,5,2,2,1,5,3,5,2,5,5,5,5,5,3,5,Incluir análise de ciclo de vida.,não,Não participo.
2020/05/20 7:10:32 PM GMT-3,25 - 29,Masculino,Branca,Engenharia,São Paulo (SP),Aluno de doutorado,Sim,2,Projeto 3,5,1,5,5,1,1,5,4,3,1,4,4,5,1,4,1,3,A utilização de biometano e biodiesel no lugar do metano e diesel.,não,Não participo.
2020/05/20 10:24:08 PM GMT-3,18 - 24,Masculino,Parda,Engenharia,São Paulo (SP),Aluno de mestrado,Não,,Projeto 38,2,3,2,1,1,5,5,3,5,1,5,4,5,2,1,1,1,,não,Não participo.
2020/05/21 11:32:41 AM GMT-3,30 - 34,Feminino,Branca,Engenharia,Espírito Santo (ES),Pós-doutorando,Sim,4,Projeto 40,1,1,2,2,1,1,1,2,2,1,1,5,5,4,4,1,5,,não,Não participo.
2020/05/21 3:55:52 PM GMT-3,25 - 29,Masculino,Branca,Engenharia,Estrangeiro,Pós-doutorando,Não,,Projeto 46,3,2,3,3,1,4,5,5,5,3,5,2,5,4,5,3,5,,não,Não participo.
2020/05/21 4:55:48 PM GMT-3,45 - 49,Feminino,Branca,Administração,São Paulo (SP),Aluno de doutorado,Sim,5,Projeto 42,5,5,5,5,5,5,5,5,5,5,5,5,5,5,5,5,5,,não,Não participo.
2020/05/21 4:58:47 PM GMT-3,40 - 44,Masculino,Parda,Administração,Pernambuco (PE),Aluno de mestrado,Sim,5,Projeto 42,5,5,5,5,5,5,5,5,5,5,5,5,5,5,5,5,5,,não,Não participo.
2020/05/21 5:12:36 PM GMT-3,55 - 59,Masculino,Amarela,Engenharia,São Paulo (SP),Professor - Pesquisador,Não,,Projeto 46,3,3,5,5,3,3,5,5,5,3,3,3,5,5,5,3,5,,não,Não participo.
2020/05/21 6:52:55 PM GMT-3,25 - 29,Masculino,Branca,Engenharia,São Paulo (SP),Aluno de mestrado,Sim,4,Projeto 26,2,2,4,2,2,2,5,4,5,2,4,4,5,2,2,3,3,,não,Não participo.
2020/05/21 6:56:55 PM GMT-3,25 - 29,Masculino,Branca,Engenharia,São Paulo (SP),Aluno de mestrado,Sim,4,Projeto 26,2,2,4,2,2,2,5,4,5,2,4,4,5,2,2,2,2,,não,Não participo.
2020/05/21 10:26:07 PM GMT-3,18 - 24,Feminino,Branca,Engenharia,São Paulo (SP),Aluno de iniciação científica,Sim,4,Projeto 31,1,1,4,1,1,2,5,5,5,1,5,5,5,3,5,1,5,,não,Não participo.
2020/05/22 10:03:01 AM GMT-3,25 - 29,Masculino,Branca,Química,São Paulo (SP),Aluno de doutorado,Não,,Projeto 30,5,5,5,5,4,5,5,5,5,4,5,5,5,5,5,5,5,,não,Não participo.
2020/05/22 11:33:10 AM GMT-3,55 - 59,Masculino,Branca,Química,São Paulo (SP),Professor - Pesquisador,Sim,3,Projeto 31,2,2,2,2,1,2,5,4,5,2,4,4,5,2,2,2,5,,não,Não participo.
2020/05/22 12:09:26 PM GMT-3,18 - 24,Masculino,Branca,Engenharia,São Paulo (SP),Aluno de iniciação científica,Sim,4,Projeto 31,1,1,5,4,3,2,5,1,3,1,2,1,5,2,3,3,5,,não,Não participo.
2020/05/22 12:15:25 PM GMT-3,55 - 59,Masculino,Branca,Geografia,São Paulo (SP),Coordenador de projeto,Não,,Projeto 28,4,2,5,2,2,2,5,2,5,2,5,4,2,1,1,3,5,Cidades poderiam se tornar mais sustentáveis se a gestão pública utilizasse mais os nossos resultados (e de outros projetos).,não,Não participo.
2020/05/22 12:25:21 PM GMT-3,30 - 34,Masculino,Branca,Engenharia,Estrangeiro,Aluno de mestrado,Não,,Projeto 33,1,1,5,4,3,5,1,3,5,1,1,3,5,5,1,1,2,,não,Não participo.
2020/05/22 5:48:49 PM GMT-3,18 - 24,Masculino,Amarela,Engenharia,São Paulo (SP),Aluno de iniciação científica,Não,,Projeto 31,1,1,1,1,1,1,5,2,2,2,4,4,5,1,2,1,2,,não,Não participo.
2020/05/24 2:44:00 PM GMT-3,50 - 54,Masculino,Branca,Engenharia,Rio de Janeiro (RJ),Professor - Pesquisador,Sim,5,Projeto 27,5,5,4,4,5,5,5,5,3,5,5,5,5,4,5,5,5,,não,Não participo.
2020/05/25 3:12:03 AM GMT-3,40 - 44,Feminino,Branca,Economia,São Paulo (SP),Pesquisador,Sim,4,Projeto 24,4,2,5,5,5,2,5,4,4,3,4,3,5,3,2,4,3,"Integração entre projetos, para encontrar soluções conjuntas",não,Não participo.
2020/05/25 2:45:24 PM GMT-3,25 - 29,Masculino,Branca,Engenharia,Minas Gerais (MG),Aluno de doutorado,Sim,3,Projeto 22,2,3,3,2,1,2,4,4,4,2,3,3,5,3,3,2,4,,não,Não participo.
2020/05/25 4:23:09 PM GMT-3,55 - 59,Masculino,Branca,Engenharia,São Paulo (SP),Pesquisador,Sim,3,Projeto 5,1,1,1,1,1,1,5,1,4,1,1,1,5,1,1,1,1,,não,Não participo.
2020/05/25 6:02:32 PM GMT-3,25 - 29,Feminino,Branca,Engenharia,Minas Gerais (MG),Aluno de doutorado,Não,,Projeto 13,5,5,5,5,1,5,5,5,5,3,5,5,5,5,5,5,5,,não,Não participo.
2020/05/26 10:29:46 AM GMT-3,60 - 64,Masculino,Branca,Química,São Paulo (SP),Pesquisador,Sim,4,Projeto 12,2,2,5,4,2,2,5,5,5,2,4,4,5,5,5,3,5,"Desenvolvimento e implantação de tecnologias eficientes, limpas e sustentáveis como as células a combustível.",não,Não participo.
2020/05/26 10:33:55 AM GMT-3,25 - 29,Feminino,Parda,Química,Paraná (PR),Aluno de mestrado,Não,,Projeto 20,3,4,5,5,4,3,5,5,5,3,5,5,5,4,5,3,5,,não,Não participo.
2020/05/26 11:20:42 AM GMT-3,30 - 34,Masculino,Branca,Engenharia,São Paulo (SP),Aluno de doutorado,Sim,3,Projeto 22,1,3,4,3,3,5,5,5,5,2,5,5,5,4,4,4,5,,não,Não participo.
2020/05/26 11:23:30 AM GMT-3,30 - 34,Masculino,Branca,Engenharia,São Paulo (SP),Professor - Pesquisador,Sim,2,Projeto 1,2,1,5,4,3,1,5,5,5,3,3,3,5,1,1,2,3,,não,Não participo.
2020/05/26 12:51:20 PM GMT-3,25 - 29,Feminino,Branca,Engenharia,São Paulo (SP),Pós-doutorando,Não,,Projeto 13,5,5,5,5,5,5,5,5,5,5,5,5,5,5,5,5,5,,não,Não participo.
2020/05/26 8:54:11 PM GMT-3,55 - 59,Masculino,Branca,Engenharia,Alagoas (AL),Professor - Pesquisador,Sim,2,Projeto 40,1,1,4,4,1,1,1,1,1,1,1,4,5,1,4,1,5,,não,Não participo.
2020/05/26 10:08:37 PM GMT-3,30 - 34,Masculino,Preta,Engenharia,Estrangeiro,Aluno de doutorado,Não,,Projeto 32,1,1,5,1,1,1,3,2,1,1,2,3,5,3,4,1,1,,não,Não participo.
2020/05/26 10:20:13 PM GMT-3,25 - 29,Masculino,Branca,Engenharia,São Paulo (SP),Aluno de doutorado,Sim,2,Projeto 37,3,3,5,5,5,3,5,5,5,4,5,5,5,5,5,3,5,,não,Não participo.
2020/05/26 10:49:29 PM GMT-3,30 - 34,Masculino,Branca,Engenharia,São Paulo (SP),Aluno de mestrado,Sim,3,Projeto 4,2,2,5,3,3,3,5,5,5,2,3,3,5,5,2,1,5,"As metodologias envolvidas na otimização do consumo mais eficiente e limpo de energia aplicado as embarcações podem ser replicados à outros meios de transportes e a inúmeros processos e plantas industriais. O acesso às fontes renováveis e aos sistemas de armazenamento de energia podem diminuir as desigualdades e levar qualidade de vida a populações isoladas e de extrema vulnerabilidade econômica. Por fim, o investimento em embarcações híbridas fluviais que atendam as legislações atuais de emissões surge como uma excelente alternativa de transporte de alimentos e outras cargas, contribuindo para a diminuição de preços dos produtos para o consumidor final.",não,Não participo.
2020/05/27 9:57:23 AM GMT-3,35 - 39,Masculino,Branca,estatística,São Paulo (SP),Pós-doutorando,Sim,3,Projeto 33,1,1,5,1,1,1,4,1,5,1,4,5,5,5,3,1,1,,não,Não participo.
2020/05/27 10:25:34 AM GMT-3,25 - 29,Feminino,Parda,Engenharia,Sergipe (SE),Aluno de mestrado,Sim,2,Projeto 16,1,1,4,5,2,1,5,1,5,1,5,5,5,1,5,1,4,,não,Não participo.
2020/05/27 10:28:20 AM GMT-3,25 - 29,Masculino,Branca,Engenharia,São Paulo (SP),Aluno de doutorado,Sim,4,Projeto 46,2,1,4,5,4,1,3,5,5,2,2,4,4,1,4,1,5,Um foco maior na parte de Carbon Capture and Storage.,não,Não participo.
2020/05/27 10:37:20 AM GMT-3,30 - 34,Masculino,Branca,Engenharia,Estrangeiro,Aluno de mestrado,Não,,Projeto 33,1,1,5,1,1,3,1,4,4,1,1,1,5,5,1,1,1,,não,Não participo.
2020/05/27 11:20:40 AM GMT-3,35 - 39,Masculino,Branca,Engenharia,Santa Catarina (SC),Pós-doutorando,Não,,Projeto 31,1,1,5,5,4,3,5,5,4,4,4,5,5,1,3,1,5,,não,Não participo.
2020/05/27 11:26:19 AM GMT-3,35 - 39,Masculino,Amarela,Engenharia,Estrangeiro,Pesquisador,Sim,3,Projeto 34,1,1,4,2,1,4,5,4,5,2,4,3,5,5,5,3,4,,não,Não participo.
2020/05/27 12:13:55 PM GMT-3,65+,Masculino,Parda,Engenharia,São Paulo (SP),Coordenador de projeto,Sim,2,Projeto 40,1,1,3,1,1,1,5,2,5,1,5,5,5,1,5,1,1,O projeto seria mais relevante se a captura e armazenamento de CO2 fosse uma atitude prioritária e obrigatória na produção de energia e na cadeia produtiva de óleo e gás.,não,Não participo.
2020/05/27 12:51:37 PM GMT-3,35 - 39,Masculino,Branca,Engenharia,São Paulo (SP),Pós-doutorando,Sim,3,Projeto 12,5,2,5,5,5,5,5,5,5,5,5,5,5,5,5,5,5,O projeto 12 está inserido na economia do hidrogênio que visa a atender a maioria dos requisitos de sustentabilidade apontados pela ODS.,não,Não participo.
2020/05/27 1:29:29 PM GMT-3,30 - 34,Feminino,Parda,Engenharia,Rio de Janeiro (RJ),Pós-doutorando,Sim,3,Projeto 32,2,2,4,4,1,1,2,3,4,1,3,5,5,2,2,1,3,,não,Não participo.
2020/05/27 2:36:55 PM GMT-3,30 - 34,Masculino,Branca,Química,São Paulo (SP),Pós-doutorando,Sim,4,Projeto 31,1,3,5,2,1,4,5,1,3,1,4,1,5,2,5,1,4,,não,Não participo.
2020/05/27 2:55:24 PM GMT-3,25 - 29,Masculino,Branca,Engenharia,São Paulo (SP),Aluno de doutorado,Sim,3,Projeto 7,1,1,3,1,1,2,5,2,3,1,4,2,5,5,2,1,4,,não,Não participo.
2020/05/27 4:18:11 PM GMT-3,35 - 39,Feminino,Amarela,Engenharia,Estrangeiro,Pós-doutorando,Sim,4,Projeto 41,1,1,3,5,2,4,5,4,5,3,4,4,5,4,5,3,4,,não,Não participo.
2020/05/27 11:59:19 PM GMT-3,40 - 44,Masculino,Branca,Física,São Paulo (SP),Pesquisador,Sim,3,Projeto 9,3,3,5,2,3,3,3,3,3,2,2,1,5,2,4,1,3,,não,Não participo.
2020/05/28 2:22:20 AM GMT-3,25 - 29,Masculino,Branca,Engenharia,Minas Gerais (MG),Aluno de doutorado,Sim,3,Projeto 16,2,2,3,3,3,5,5,4,5,3,5,5,5,4,4,3,5,,não,Não participo.
2020/05/28 8:26:13 AM GMT-3,50 - 54,Masculino,Branca,Engenharia,São Paulo (SP),Pesquisador,Não,,Projeto 29,3,4,4,2,1,3,5,4,5,2,5,5,5,4,4,2,5,,não,Não participo.
2020/05/28 6:38:29 PM GMT-3,35 - 39,Feminino,Branca,Engenharia,Estrangeiro,Aluno de mestrado,Sim,3,Projeto 4,1,2,4,5,1,1,5,5,4,1,4,5,2,5,5,1,5,A implementação da energia solar que é uma possibilidade. Outra atitude discutida entre os participantes do projeto é a implementação de tecnologias para a diminuição da resistência ao avanço que resultará em menor consumo de combustível e diminuição de emissões. ,não,Não participo.
2020/05/30 1:10:46 AM GMT-3,50 - 54,Masculino,Branca,Engenharia,São Paulo (SP),Professor - Pesquisador,Não,,Projeto 37,4,4,4,4,4,4,5,5,5,4,5,5,5,5,5,3,4,,não,Não participo.
2020/05/30 7:43:33 PM GMT-3,30 - 34,Feminino,Prefiro não declarar,Geologia,Pará (PA),Aluno de doutorado,Sim,4,Projeto 36,2,2,3,2,2,3,5,4,5,2,2,4,5,2,2,2,4,"O projeto 36 poderia ser mais relevante em mais ODS se: (i) incluísse a captação de CO2 por biomassa (BECCS+) e (ii) expandisse o escopo e analisasse diversos tipos de reservatórios geológicos (i.e. aquíferos salinos), mesmo que sem a produção associada de hidrocarbonetos (atualmente o projeto é focado em reservatórios petrolíferos - tecnologia  CO2-EOR).",não,Não participo.
2020/05/30 9:29:54 PM GMT-3,30 - 34,Masculino,Parda,Geografia,São Paulo (SP),Aluno de doutorado,Sim,4,Projeto 28,3,1,1,1,1,2,5,1,3,3,4,2,1,1,1,1,1,,não,Não participo.
2020/05/31 3:39:58 PM GMT-3,35 - 39,Masculino,Amarela,Geografia,São Paulo (SP),Aluno de graduação,Sim,2,Projeto 28,3,1,5,1,1,1,5,1,5,2,5,2,5,1,1,1,1,,não,Não participo.
2020/05/31 4:43:31 PM GMT-3,60 - 64,Feminino,Branca,Bacharelado em Ciência da Computação ,São Paulo (SP),Professor - Pesquisador,Sim,4,Projeto 8,3,3,3,4,3,3,5,5,5,3,5,5,4,2,3,3,3,,não,Não participo.
2020/05/31 10:43:42 PM GMT-3,35 - 39,Masculino,Branca,Geografia,São Paulo (SP),Pesquisador,Sim,3,Projeto 28,3,4,4,5,4,4,5,5,5,3,5,5,5,5,5,3,5,,não,Não participo.
2020/06/01 12:35:39 AM GMT-3,25 - 29,Masculino,Parda,Engenharia,Pará (PA),Aluno de mestrado,Sim,4,Projeto 32,1,1,3,4,3,1,5,3,5,1,4,5,5,3,2,1,4,,não,Não participo.
2020/06/01 12:36:53 PM GMT-3,35 - 39,Feminino,Branca,Engenharia,Minas Gerais (MG),Pós-doutorando,Sim,5,Projeto 13,3,3,5,4,5,4,5,5,5,5,5,5,5,5,5,4,5,Geração de energia limpa,não,Não participo.
2020/06/01 12:40:00 PM GMT-3,35 - 39,Masculino,Branca,Química,Minas Gerais (MG),Pós-doutorando,Não,,Projeto 32,3,3,5,5,5,4,5,5,5,3,5,5,5,5,4,2,5,,não,Não participo.
2020/06/01 12:45:18 PM GMT-3,35 - 39,Masculino,Branca,Física,São Paulo (SP),Professor - Pesquisador,Não,,Projeto 35,1,1,4,4,1,2,1,2,2,1,2,2,4,5,1,1,3,,não,Não participo.
2020/06/01 3:11:12 PM GMT-3,25 - 29,Feminino,Branca,Engenharia,Minas Gerais (MG),Aluno de mestrado,Sim,3,Projeto 26,2,2,2,1,1,1,5,5,5,1,5,5,5,1,3,4,5,,não,Não participo.
2020/06/01 4:56:20 PM GMT-3,40 - 44,Feminino,Branca,Química,São Paulo (SP),Professor - Pesquisador,Sim,4,Projeto 20,1,3,4,5,4,4,4,4,4,4,4,4,4,1,4,2,4,,não,Não participo.
2020/06/01 5:16:31 PM GMT-3,40 - 44,Masculino,Branca,Química,Paraná (PR),Pós-doutorando,Sim,3,Projeto 15,5,5,5,5,5,5,5,5,5,5,5,5,5,5,5,5,5,,não,Não participo.
2020/06/01 5:39:50 PM GMT-3,30 - 34,Masculino,Parda,Engenharia,Bahia (BA),Pós-doutorando,Sim,1,Projeto 32,2,2,4,3,1,3,5,5,5,1,5,5,5,3,5,1,5,Integração energética entre com outros projetos sustentáveis.,não,Não participo.
2020/06/01 8:30:04 PM GMT-3,45 - 49,Masculino,Branca,Engenharia,São Paulo (SP),Professor - Pesquisador,Sim,3,Projeto 34,1,1,4,3,1,1,5,3,5,1,4,1,5,5,2,1,1,,não,Não participo.
2020/06/01 8:39:19 PM GMT-3,45 - 49,Masculino,Amarela,Engenharia,São Paulo (SP),Pós-doutorando,Sim,1,Projeto 35,1,1,5,1,1,1,2,1,3,1,1,4,5,3,3,1,1,,não,Não participo.
2020/06/02 10:49:52 AM GMT-3,50 - 54,Feminino,Prefiro não declarar,Geologia,São Paulo (SP),Pesquisador,Sim,3,Projeto 36,1,1,5,2,1,1,3,1,5,1,1,5,5,1,1,1,5,,não,Não participo.
2020/06/02 12:01:13 PM GMT-3,55 - 59,Masculino,Amarela,Engenharia,São Paulo (SP),Coordenador de projeto,Não,,Projeto 35,2,2,3,3,2,2,5,3,3,2,3,4,4,5,3,3,3,,não,Não participo.
2020/06/09 9:38:02 AM GMT-3,40 - 44,Masculino,Branca,Engenharia,São Paulo (SP),Pós-doutorando,Não,,Projeto 35,1,2,4,2,1,2,4,3,3,1,2,3,5,3,3,1,4,,não,Não participo.
2020/05/15 12:45:12 PM GMT-3,55 - 59,Masculino,Branca,Engenharia,Minas Gerais (MG),Coordenador de projeto,Não,,Projeto 2,2,3,4,2,2,4,5,3,5,3,4,4,5,3,4,2,4,,sim,
2020/05/15 1:17:52 PM GMT-3,35 - 39,Masculino,Parda,Engenharia,Distrito Federal (DF),Professor - Pesquisador,Sim,4,Projeto 39,1,2,3,1,1,1,5,2,4,1,1,3,5,1,1,1,3,,sim,
2020/05/15 1:41:18 PM GMT-3,50 - 54,Masculino,Branca,Engenharia,São Paulo (SP),Coordenador de programa,Sim,4,Projeto 10,2,1,4,4,1,1,3,5,5,1,3,4,5,1,2,1,4,,sim,
2020/05/15 2:11:42 PM GMT-3,40 - 44,Masculino,Branca,Química,São Paulo (SP),Professor - Pesquisador,Sim,3,Projeto 43,1,1,3,5,5,1,4,2,1,3,1,1,5,1,1,1,5,,sim,
2020/05/15 2:33:18 PM GMT-3,35 - 39,Feminino,Branca,História,Santa Catarina (SC),Pesquisador,Sim,4,Projeto 42,1,1,4,5,5,1,5,3,4,3,5,4,5,3,4,1,4,,sim,
2020/05/15 3:00:47 PM GMT-3,35 - 39,Masculino,Branca,Engenharia,São Paulo (SP),Pós-doutorando,Sim,3,Projeto 12,1,1,5,1,1,1,5,1,5,1,5,3,5,1,1,1,3,,sim,
2020/05/15 3:49:00 PM GMT-3,35 - 39,Masculino,Branca,Química,São Paulo (SP),Pesquisador,Sim,3,Projeto 8,1,3,5,3,4,1,5,5,5,5,5,5,5,1,5,1,5,,sim,
2020/05/15 3:56:32 PM GMT-3,35 - 39,Masculino,Branca,Química,São Paulo (SP),Pós-doutorando,Sim,3,Projeto 18,1,1,4,1,1,1,5,5,5,1,5,5,5,5,5,1,5,,sim,
2020/05/15 4:11:24 PM GMT-3,18 - 24,Feminino,Branca,Engenharia,São Paulo (SP),Aluno de iniciação científica,Sim,3,Projeto 18,1,1,5,3,1,1,5,1,3,1,1,3,5,3,5,1,1,,sim,
2020/05/15 6:02:59 PM GMT-3,60 - 64,Masculino,Branca,Engenharia,São Paulo (SP),Professor - Pesquisador,Sim,3,Projeto 40,2,1,4,5,1,1,4,4,5,1,1,1,5,1,4,3,5,,sim,
2020/05/18 11:36:39 AM GMT-3,45 - 49,Masculino,Branca,Química,São Paulo (SP),Pesquisador,Sim,3,Projeto 12,5,5,5,5,5,5,5,5,5,5,5,5,4,4,5,4,4,,sim,
2020/05/18 11:48:57 AM GMT-3,25 - 29,Masculino,Prefiro não declarar,Engenharia,São Paulo (SP),Aluno de doutorado,Não,,Projeto 3,1,1,1,1,1,1,3,2,2,1,2,1,2,1,1,1,1,,sim,
2020/05/18 11:58:00 AM GMT-3,30 - 34,Masculino,Branca,Engenharia,Santa Catarina (SC),Pós-doutorando,Sim,5,Projeto 23,1,1,1,1,1,1,5,1,4,1,4,4,5,1,1,1,1,,sim,
2020/05/18 3:58:42 PM GMT-3,50 - 54,Masculino,Branca,Engenharia,São Paulo (SP),Professor - Pesquisador,Sim,3,Projeto 2,5,4,4,5,4,5,4,4,4,5,4,4,4,5,5,4,4,"9, 12, 13, 15, 17",sim,
2020/05/20 7:03:04 PM GMT-3,65+,Masculino,Branca,Engenharia,São Paulo (SP),Professor - Pesquisador,Sim,3,Projeto 20,2,2,4,4,1,2,5,4,4,1,5,4,4,1,4,1,4,,sim,
2020/05/26 9:07:14 AM GMT-3,30 - 34,Masculino,Branca,Engenharia,São Paulo (SP),Pesquisador Sênior,Sim,4,Projeto 34,1,1,5,5,1,1,3,4,4,2,2,5,5,4,1,2,4,,sim,
2020/05/27 11:27:14 AM GMT-3,40 - 44,Feminino,Branca,Biologia ,São Paulo (SP),Coordenador de projeto,Sim,4,Projeto 18,4,3,5,5,3,5,5,5,5,3,5,5,5,5,5,3,5,Criação de políticas públicas e/ou incentivo fiscal para o desenvolvimento de produtos sustentáveis ,sim,
2020/05/27 5:41:00 PM GMT-3,55 - 59,Feminino,Branca,Engenharia,Rio Grande do Sul (RS),Coordenador de projeto,Sim,3,Projeto 13,2,2,4,5,5,1,5,3,4,2,4,3,5,1,2,1,3,,sim,
2020/06/01 4:27:28 PM GMT-3,55 - 59,Masculino,Branca,Química,São Paulo (SP),Pesquisador,Sim,3,Projeto 12,4,3,5,4,4,2,5,4,5,3,5,5,5,3,5,3,5,,sim,
2020/06/01 4:47:36 PM GMT-3,30 - 34,Feminino,Branca,Engenharia,São Paulo (SP),Pós-doutorando,Sim,4,Projeto 25,1,2,5,5,1,1,5,3,5,1,5,3,5,1,4,5,3,,sim,
2020/06/01 6:52:30 PM GMT-3,30 - 34,Feminino,Branca,Engenharia,São Paulo (SP),Pós-doutorando,Sim,4,Projeto 25,1,2,5,5,1,1,5,3,5,1,5,3,5,1,4,5,3,,sim,
2020/06/01 8:26:44 PM GMT-3,55 - 59,Feminino,Branca,Matemática,São Paulo (SP),Coordenador de projeto,Sim,4,Projeto 23,1,1,4,1,1,1,4,1,1,1,4,1,3,1,1,1,1,,sim,
2020/06/02 11:42:16 AM GMT-3,65+,Masculino,Branca,Engenharia,Estrangeiro,Professor - Pesquisador,Não,,Projeto 15,5,5,5,5,5,5,5,5,5,5,5,5,5,5,5,5,5,,sim,
2020/06/05 10:02:08 AM GMT-3,55 - 59,Feminino,Parda,Psicologia,São Paulo (SP),Misto: administrativo & aluno de doutorado,Sim,4,Projeto 42,2,2,3,3,2,1,4,2,3,2,3,3,5,1,2,3,3,,sim,
2020/06/05 11:39:47 AM GMT-3,35 - 39,Feminino,Morena,Direito,Rio Grande do Norte (RN),Coordenador de projeto,Sim,5,Projeto 42,3,3,3,5,5,3,5,5,5,5,5,5,5,5,5,5,5,,sim,
2020/05/15 12:45:12 PM GMT-3,55 - 59,Masculino,Branca,Engenharia,Minas Gerais (MG),Coordenador de projeto,Não,,Projeto 2,2,3,4,2,2,4,5,3,5,3,4,4,5,3,4,2,4,,sim,
2020/05/15 1:17:52 PM GMT-3,35 - 39,Masculino,Parda,Engenharia,Distrito Federal (DF),Professor - Pesquisador,Sim,4,Projeto 39,1,2,3,1,1,1,5,2,4,1,1,3,5,1,1,1,3,,sim,
2020/05/15 1:41:18 PM GMT-3,50 - 54,Masculino,Branca,Engenharia,São Paulo (SP),Coordenador de programa,Sim,4,Projeto 10,2,1,4,4,1,1,3,5,5,1,3,4,5,1,2,1,4,,sim,
2020/05/18 11:48:57 AM GMT-3,25 - 29,Masculino,Prefiro não declarar,Engenharia,São Paulo (SP),Aluno de doutorado,Não,,Projeto 3,1,1,1,1,1,1,3,2,2,1,2,1,2,1,1,1,1,,sim,
2020/05/20 7:03:04 PM GMT-3,65+,Masculino,Branca,Engenharia,São Paulo (SP),Professor - Pesquisador,Sim,3,Projeto 20,2,2,4,4,1,2,5,4,4,1,5,4,4,1,4,1,4,,sim,
2020/05/27 5:41:00 PM GMT-3,55 - 59,Feminino,Branca,Engenharia,Rio Grande do Sul (RS),Coordenador de projeto,Sim,3,Projeto 13,2,2,4,5,5,1,5,3,4,2,4,3,5,1,2,1,3,,sim,